/*
Navicat MySQL Data Transfer

Source Server         : 127.0.0.1_3306
Source Server Version : 50505
Source Host           : 127.0.0.1:3306
Source Database       : gol

Target Server Type    : MYSQL
Target Server Version : 50505
File Encoding         : 65001

Date: 2017-07-01 18:03:43
*/

SET FOREIGN_KEY_CHECKS=0;

-- ----------------------------
-- Table structure for composit
-- ----------------------------
DROP TABLE IF EXISTS `composit`;
CREATE TABLE `composit` (
  `id` int(10) unsigned NOT NULL AUTO_INCREMENT,
  `created_at` timestamp NULL DEFAULT NULL,
  `updated_at` timestamp NULL DEFAULT NULL,
  `title` varchar(50) COLLATE utf8_unicode_ci DEFAULT NULL,
  `total` tinyint(4) DEFAULT NULL,
  `level` tinyint(4) DEFAULT NULL,
  `session` varchar(20) COLLATE utf8_unicode_ci DEFAULT NULL,
  `p_level` tinyint(4) DEFAULT NULL,
  `exp` varchar(255) COLLATE utf8_unicode_ci DEFAULT NULL,
  `product` int(10) unsigned NOT NULL,
  `flower` int(10) unsigned NOT NULL,
  PRIMARY KEY (`id`),
  KEY `composit_product_foreign` (`product`),
  KEY `composit_flower_foreign` (`flower`),
  CONSTRAINT `composit_flower_foreign` FOREIGN KEY (`flower`) REFERENCES `const` (`id`) ON DELETE CASCADE ON UPDATE CASCADE,
  CONSTRAINT `composit_product_foreign` FOREIGN KEY (`product`) REFERENCES `product` (`id`) ON DELETE CASCADE ON UPDATE CASCADE
) ENGINE=InnoDB AUTO_INCREMENT=4 DEFAULT CHARSET=utf8 COLLATE=utf8_unicode_ci;

-- ----------------------------
-- Records of composit
-- ----------------------------
INSERT INTO `composit` VALUES ('1', '2016-11-15 00:13:55', '2016-11-15 00:13:55', 'رز هلندی', '10', null, null, null, null, '4', '4');
INSERT INTO `composit` VALUES ('2', '2016-11-15 00:13:56', '2016-11-15 00:13:56', 'رز هلندی', '25', null, null, null, null, '4', '4');
INSERT INTO `composit` VALUES ('3', '2016-11-15 00:13:56', '2016-11-15 00:13:56', 'رز', '25', null, null, null, null, '4', '3');

-- ----------------------------
-- Table structure for const
-- ----------------------------
DROP TABLE IF EXISTS `const`;
CREATE TABLE `const` (
  `id` int(10) unsigned NOT NULL AUTO_INCREMENT,
  `w` tinyint(4) NOT NULL,
  `title` varchar(100) COLLATE utf8_unicode_ci NOT NULL,
  `deleted_at` timestamp NULL DEFAULT NULL,
  PRIMARY KEY (`id`)
) ENGINE=InnoDB AUTO_INCREMENT=22 DEFAULT CHARSET=utf8 COLLATE=utf8_unicode_ci;

-- ----------------------------
-- Records of const
-- ----------------------------
INSERT INTO `const` VALUES ('1', '1', 'آلستر', null);
INSERT INTO `const` VALUES ('2', '1', 'لیلیوم ', null);
INSERT INTO `const` VALUES ('3', '1', 'رز', null);
INSERT INTO `const` VALUES ('4', '1', 'رز هلندی', null);
INSERT INTO `const` VALUES ('5', '1', 'آنتالیوم', null);
INSERT INTO `const` VALUES ('6', '1', 'مریم ', null);
INSERT INTO `const` VALUES ('7', '1', 'نرگس', null);
INSERT INTO `const` VALUES ('8', '1', 'ختمی', null);
INSERT INTO `const` VALUES ('9', '1', 'لیندا', null);
INSERT INTO `const` VALUES ('10', '1', 'بنفشه', null);
INSERT INTO `const` VALUES ('11', '2', 'یاقوت ساده', null);
INSERT INTO `const` VALUES ('12', '2', 'یاقوت سلفنی', null);
INSERT INTO `const` VALUES ('13', '2', 'بسته بزرگ', null);
INSERT INTO `const` VALUES ('14', '2', 'الماس ساده', null);
INSERT INTO `const` VALUES ('15', '2', 'یاقوت غیر ساده', null);
INSERT INTO `const` VALUES ('16', '2', 'گلسفات', null);
INSERT INTO `const` VALUES ('17', '2', 'گلسفات سلفنی', null);
INSERT INTO `const` VALUES ('18', '3', 'تن خواه', null);
INSERT INTO `const` VALUES ('19', '3', 'جاری', null);
INSERT INTO `const` VALUES ('20', '3', 'اداری', null);
INSERT INTO `const` VALUES ('21', '4', 'asd', null);

-- ----------------------------
-- Table structure for cost
-- ----------------------------
DROP TABLE IF EXISTS `cost`;
CREATE TABLE `cost` (
  `id` int(10) unsigned NOT NULL AUTO_INCREMENT,
  `title` varchar(255) COLLATE utf8_unicode_ci NOT NULL,
  `paraph` varchar(255) COLLATE utf8_unicode_ci DEFAULT NULL,
  `description` varchar(255) COLLATE utf8_unicode_ci DEFAULT NULL,
  `price` bigint(20) NOT NULL,
  `type` varchar(20) COLLATE utf8_unicode_ci DEFAULT NULL,
  `uid` int(10) unsigned DEFAULT NULL,
  `reviewer` int(10) unsigned DEFAULT NULL,
  `parent` int(10) unsigned DEFAULT NULL,
  `sts` tinyint(4) NOT NULL,
  `created_at` timestamp NULL DEFAULT NULL,
  `updated_at` timestamp NULL DEFAULT NULL,
  PRIMARY KEY (`id`),
  KEY `cost_uid_foreign` (`uid`),
  KEY `cost_reviewer_foreign` (`reviewer`),
  CONSTRAINT `cost_reviewer_foreign` FOREIGN KEY (`reviewer`) REFERENCES `users` (`id`) ON DELETE CASCADE ON UPDATE CASCADE,
  CONSTRAINT `cost_uid_foreign` FOREIGN KEY (`uid`) REFERENCES `users` (`id`) ON DELETE CASCADE ON UPDATE CASCADE
) ENGINE=InnoDB AUTO_INCREMENT=4 DEFAULT CHARSET=utf8 COLLATE=utf8_unicode_ci;

-- ----------------------------
-- Records of cost
-- ----------------------------
INSERT INTO `cost` VALUES ('1', 'سند اول', 'پاراف سند', 'شرح سند', '2500', 'تن خواه', '1', null, null, '-1', '2016-11-27 21:08:02', '2016-11-27 21:08:02');
INSERT INTO `cost` VALUES ('2', 'سند دوم', '', 'شرح سند', '12500', 'جاری', '8', null, null, '2', '2016-11-27 21:13:57', '2016-11-27 21:13:57');
INSERT INTO `cost` VALUES ('3', 'سند سوم', '21250', 'شرح سمد', '12500', 'تن خواه', '8', null, null, '2', '2016-11-27 21:16:22', '2016-11-27 21:16:22');

-- ----------------------------
-- Table structure for customer
-- ----------------------------
DROP TABLE IF EXISTS `customer`;
CREATE TABLE `customer` (
  `id` int(10) unsigned NOT NULL AUTO_INCREMENT,
  `fname` varchar(25) COLLATE utf8_unicode_ci NOT NULL,
  `lname` varchar(25) COLLATE utf8_unicode_ci NOT NULL,
  `name` varchar(50) COLLATE utf8_unicode_ci NOT NULL,
  `gender` tinyint(4) NOT NULL,
  `mobile` varchar(15) COLLATE utf8_unicode_ci NOT NULL,
  `mobile2` varchar(15) COLLATE utf8_unicode_ci NOT NULL,
  `mobile3` varchar(15) COLLATE utf8_unicode_ci NOT NULL,
  `phone` varchar(15) COLLATE utf8_unicode_ci NOT NULL,
  `phone2` varchar(15) COLLATE utf8_unicode_ci NOT NULL,
  `phone3` varchar(15) COLLATE utf8_unicode_ci NOT NULL,
  `address` varchar(255) COLLATE utf8_unicode_ci NOT NULL,
  `address2` varchar(255) COLLATE utf8_unicode_ci NOT NULL,
  `address3` varchar(255) COLLATE utf8_unicode_ci NOT NULL,
  `email` varchar(100) COLLATE utf8_unicode_ci NOT NULL,
  `job` varchar(20) COLLATE utf8_unicode_ci NOT NULL,
  `skill` varchar(50) COLLATE utf8_unicode_ci NOT NULL,
  `description` varchar(255) COLLATE utf8_unicode_ci NOT NULL,
  `type` tinyint(4) NOT NULL,
  `sts` tinyint(4) NOT NULL,
  `created_at` timestamp NULL DEFAULT NULL,
  `updated_at` timestamp NULL DEFAULT NULL,
  `deleted_at` timestamp NULL DEFAULT NULL,
  PRIMARY KEY (`id`)
) ENGINE=InnoDB AUTO_INCREMENT=3 DEFAULT CHARSET=utf8 COLLATE=utf8_unicode_ci;

-- ----------------------------
-- Records of customer
-- ----------------------------
INSERT INTO `customer` VALUES ('1', 'محمد', 'عزیزان', 'محمد عزیزان', '1', '09135631472', '', '', '03134458556', '', '', 'آدرس', '', '', 'ar.azizan@gmail.com', '2', 'بدون مهارت', 'توضیحات', '21', '1', '2017-06-19 01:05:15', '2017-06-19 09:12:56', null);
INSERT INTO `customer` VALUES ('2', 'محمد', 'عزیزان', 'محمد عزیزان', '2', '09135631472', '', '', '03134458556', '', '', 'آدرس', '', '', '', '', 'بدون مهارت', 'توضیحات', '21', '1', '2017-06-19 01:09:36', '2017-06-19 01:09:36', null);

-- ----------------------------
-- Table structure for customer_group
-- ----------------------------
DROP TABLE IF EXISTS `customer_group`;
CREATE TABLE `customer_group` (
  `id` int(10) unsigned NOT NULL AUTO_INCREMENT,
  `group` int(10) unsigned NOT NULL,
  `customer` int(10) unsigned NOT NULL,
  PRIMARY KEY (`id`),
  KEY `customer_group_group_foreign` (`group`),
  KEY `customer_group_customer_foreign` (`customer`),
  CONSTRAINT `customer_group_customer_foreign` FOREIGN KEY (`customer`) REFERENCES `users` (`id`) ON DELETE CASCADE ON UPDATE CASCADE,
  CONSTRAINT `customer_group_group_foreign` FOREIGN KEY (`group`) REFERENCES `group` (`id`) ON DELETE CASCADE ON UPDATE CASCADE
) ENGINE=InnoDB AUTO_INCREMENT=6 DEFAULT CHARSET=utf8 COLLATE=utf8_unicode_ci;

-- ----------------------------
-- Records of customer_group
-- ----------------------------
INSERT INTO `customer_group` VALUES ('1', '3', '12');
INSERT INTO `customer_group` VALUES ('2', '4', '12');
INSERT INTO `customer_group` VALUES ('3', '2', '12');
INSERT INTO `customer_group` VALUES ('4', '6', '12');
INSERT INTO `customer_group` VALUES ('5', '1', '12');

-- ----------------------------
-- Table structure for group
-- ----------------------------
DROP TABLE IF EXISTS `group`;
CREATE TABLE `group` (
  `id` int(10) unsigned NOT NULL AUTO_INCREMENT,
  `title` varchar(40) COLLATE utf8_unicode_ci NOT NULL,
  `parent` int(11) DEFAULT NULL,
  `depth` tinyint(4) unsigned DEFAULT NULL,
  PRIMARY KEY (`id`)
) ENGINE=InnoDB AUTO_INCREMENT=13 DEFAULT CHARSET=utf8 COLLATE=utf8_unicode_ci;

-- ----------------------------
-- Records of group
-- ----------------------------
INSERT INTO `group` VALUES ('1', 'بازاری', null, null);
INSERT INTO `group` VALUES ('2', 'بدون کار', null, null);
INSERT INTO `group` VALUES ('3', 'دیربازده ', '1', '1');
INSERT INTO `group` VALUES ('4', 'زودبازده', '1', '1');
INSERT INTO `group` VALUES ('5', 'عنوان', '3', '2');
INSERT INTO `group` VALUES ('6', 'بی دنیا', null, null);
INSERT INTO `group` VALUES ('7', 'sd', null, null);
INSERT INTO `group` VALUES ('8', 'عنوان گروه', null, null);
INSERT INTO `group` VALUES ('9', 'بیدار', '5', '1');
INSERT INTO `group` VALUES ('10', 'عنوان زیر مجموعه', '8', null);
INSERT INTO `group` VALUES ('11', 'گروه سوم', '8', null);
INSERT INTO `group` VALUES ('12', 'عنوان کار', '2', null);

-- ----------------------------
-- Table structure for jobs
-- ----------------------------
DROP TABLE IF EXISTS `jobs`;
CREATE TABLE `jobs` (
  `id` bigint(20) unsigned NOT NULL AUTO_INCREMENT,
  `queue` varchar(255) COLLATE utf8_unicode_ci NOT NULL,
  `payload` longtext COLLATE utf8_unicode_ci NOT NULL,
  `attempts` tinyint(3) unsigned NOT NULL,
  `reserved` tinyint(3) unsigned NOT NULL,
  `reserved_at` int(10) unsigned DEFAULT NULL,
  `available_at` int(10) unsigned NOT NULL,
  `created_at` int(10) unsigned NOT NULL,
  PRIMARY KEY (`id`),
  KEY `jobs_queue_reserved_reserved_at_index` (`queue`,`reserved`,`reserved_at`)
) ENGINE=InnoDB AUTO_INCREMENT=7 DEFAULT CHARSET=utf8 COLLATE=utf8_unicode_ci;

-- ----------------------------
-- Records of jobs
-- ----------------------------
INSERT INTO `jobs` VALUES ('1', 'default', '{\"job\":\"Illuminate\\\\Queue\\\\CallQueuedHandler@call\",\"data\":{\"commandName\":\"App\\\\Jobs\\\\RemoveExcelForm\",\"command\":\"O:24:\\\"App\\\\Jobs\\\\RemoveExcelForm\\\":5:{s:7:\\\"\\u0000*\\u0000name\\\";s:17:\\\"950825051755.xlsx\\\";s:10:\\\"connection\\\";N;s:5:\\\"queue\\\";N;s:5:\\\"delay\\\";i:60;s:6:\\\"\\u0000*\\u0000job\\\";N;}\"}}', '0', '0', null, '1479217737', '1479217677');
INSERT INTO `jobs` VALUES ('2', 'default', '{\"job\":\"Illuminate\\\\Queue\\\\CallQueuedHandler@call\",\"data\":{\"commandName\":\"App\\\\Jobs\\\\RemoveExcelForm\",\"command\":\"O:24:\\\"App\\\\Jobs\\\\RemoveExcelForm\\\":5:{s:7:\\\"\\u0000*\\u0000name\\\";s:17:\\\"950827072817.xlsx\\\";s:10:\\\"connection\\\";N;s:5:\\\"queue\\\";N;s:5:\\\"delay\\\";i:60;s:6:\\\"\\u0000*\\u0000job\\\";N;}\"}}', '0', '0', null, '1479398359', '1479398299');
INSERT INTO `jobs` VALUES ('3', 'default', '{\"job\":\"Illuminate\\\\Queue\\\\CallQueuedHandler@call\",\"data\":{\"commandName\":\"App\\\\Jobs\\\\RemoveExcelForm\",\"command\":\"O:24:\\\"App\\\\Jobs\\\\RemoveExcelForm\\\":5:{s:7:\\\"\\u0000*\\u0000name\\\";s:17:\\\"950901100539.xlsx\\\";s:10:\\\"connection\\\";N;s:5:\\\"queue\\\";N;s:5:\\\"delay\\\";i:60;s:6:\\\"\\u0000*\\u0000job\\\";N;}\"}}', '0', '0', null, '1479753401', '1479753341');
INSERT INTO `jobs` VALUES ('4', 'default', '{\"job\":\"Illuminate\\\\Queue\\\\CallQueuedHandler@call\",\"data\":{\"commandName\":\"App\\\\Jobs\\\\RemoveExcelForm\",\"command\":\"O:24:\\\"App\\\\Jobs\\\\RemoveExcelForm\\\":5:{s:7:\\\"\\u0000*\\u0000name\\\";s:17:\\\"950907095139.xlsx\\\";s:10:\\\"connection\\\";N;s:5:\\\"queue\\\";N;s:5:\\\"delay\\\";i:60;s:6:\\\"\\u0000*\\u0000job\\\";N;}\"}}', '0', '0', null, '1480270961', '1480270901');
INSERT INTO `jobs` VALUES ('5', 'default', '{\"job\":\"Illuminate\\\\Queue\\\\CallQueuedHandler@call\",\"data\":{\"commandName\":\"App\\\\Jobs\\\\RemoveExcelForm\",\"command\":\"O:24:\\\"App\\\\Jobs\\\\RemoveExcelForm\\\":5:{s:7:\\\"\\u0000*\\u0000name\\\";s:17:\\\"950907095141.xlsx\\\";s:10:\\\"connection\\\";N;s:5:\\\"queue\\\";N;s:5:\\\"delay\\\";i:60;s:6:\\\"\\u0000*\\u0000job\\\";N;}\"}}', '0', '0', null, '1480270961', '1480270901');
INSERT INTO `jobs` VALUES ('6', 'default', '{\"job\":\"Illuminate\\\\Queue\\\\CallQueuedHandler@call\",\"data\":{\"commandName\":\"App\\\\Jobs\\\\RemoveExcelForm\",\"command\":\"O:24:\\\"App\\\\Jobs\\\\RemoveExcelForm\\\":5:{s:7:\\\"\\u0000*\\u0000name\\\";s:17:\\\"950908095555.xlsx\\\";s:10:\\\"connection\\\";N;s:5:\\\"queue\\\";N;s:5:\\\"delay\\\";i:60;s:6:\\\"\\u0000*\\u0000job\\\";N;}\"}}', '0', '0', null, '1480357617', '1480357557');

-- ----------------------------
-- Table structure for log
-- ----------------------------
DROP TABLE IF EXISTS `log`;
CREATE TABLE `log` (
  `id` int(10) unsigned NOT NULL AUTO_INCREMENT,
  `uid` int(10) unsigned NOT NULL,
  `type` tinyint(4) DEFAULT NULL,
  `message` varchar(100) COLLATE utf8_unicode_ci DEFAULT NULL,
  `data` blob,
  `severity` tinyint(4) DEFAULT NULL,
  `hostname` varchar(15) COLLATE utf8_unicode_ci DEFAULT NULL,
  `location` varchar(20) COLLATE utf8_unicode_ci DEFAULT NULL,
  `created_at` timestamp NULL DEFAULT NULL,
  `updated_at` timestamp NULL DEFAULT NULL,
  PRIMARY KEY (`id`)
) ENGINE=InnoDB DEFAULT CHARSET=utf8 COLLATE=utf8_unicode_ci;

-- ----------------------------
-- Records of log
-- ----------------------------

-- ----------------------------
-- Table structure for migrations
-- ----------------------------
DROP TABLE IF EXISTS `migrations`;
CREATE TABLE `migrations` (
  `migration` varchar(255) COLLATE utf8_unicode_ci NOT NULL,
  `batch` int(11) NOT NULL
) ENGINE=InnoDB DEFAULT CHARSET=utf8 COLLATE=utf8_unicode_ci;

-- ----------------------------
-- Records of migrations
-- ----------------------------
INSERT INTO `migrations` VALUES ('2014_10_12_100000_create_password_resets_table', '1');
INSERT INTO `migrations` VALUES ('2016_08_18_094252_create_jobs_table', '1');
INSERT INTO `migrations` VALUES ('2016_11_09_154818_create_composit_table', '1');
INSERT INTO `migrations` VALUES ('2016_11_09_154818_create_log_table', '1');
INSERT INTO `migrations` VALUES ('2016_11_09_154818_create_options_table', '1');
INSERT INTO `migrations` VALUES ('2016_11_09_154818_create_order_list_table', '1');
INSERT INTO `migrations` VALUES ('2016_11_09_154818_create_order_table', '1');
INSERT INTO `migrations` VALUES ('2016_11_09_154818_create_permission_table', '1');
INSERT INTO `migrations` VALUES ('2016_11_09_154818_create_price_history_table', '1');
INSERT INTO `migrations` VALUES ('2016_11_09_154818_create_product_table', '1');
INSERT INTO `migrations` VALUES ('2016_11_09_154818_create_term_table', '1');
INSERT INTO `migrations` VALUES ('2016_11_09_154818_create_transaction_table', '1');
INSERT INTO `migrations` VALUES ('2016_11_09_154818_create_user_info_table', '1');
INSERT INTO `migrations` VALUES ('2016_11_09_154818_create_users_table', '1');
INSERT INTO `migrations` VALUES ('2016_11_09_154828_create_foreign_keys', '1');
INSERT INTO `migrations` VALUES ('2016_11_14_232236_flower-table', '2');
INSERT INTO `migrations` VALUES ('2016_11_15_000006_add_product_composit', '3');
INSERT INTO `migrations` VALUES ('2016_11_15_144517_add_total_order_list', '4');
INSERT INTO `migrations` VALUES ('2016_11_15_170054_add_visitor_order', '5');
INSERT INTO `migrations` VALUES ('2016_11_24_194703_add_table_group', '6');
INSERT INTO `migrations` VALUES ('2016_11_27_160117_cost_table', '7');
INSERT INTO `migrations` VALUES ('2016_12_12_195000_add_gender', '8');
INSERT INTO `migrations` VALUES ('2016_12_12_200028_add_description_user_info', '9');
INSERT INTO `migrations` VALUES ('2016_12_12_213453_add_pay_number', '10');
INSERT INTO `migrations` VALUES ('2016_12_12_214404_add_customer_attraction', '11');
INSERT INTO `migrations` VALUES ('2016_12_13_191158_pay_type_order', '12');
INSERT INTO `migrations` VALUES ('2017_06_19_005520_add_customer', '13');
INSERT INTO `migrations` VALUES ('2017_06_19_011829_add_order', '14');

-- ----------------------------
-- Table structure for options
-- ----------------------------
DROP TABLE IF EXISTS `options`;
CREATE TABLE `options` (
  `id` int(10) unsigned NOT NULL AUTO_INCREMENT,
  `key` varchar(100) COLLATE utf8_unicode_ci NOT NULL,
  `value` blob NOT NULL,
  `uid` int(10) unsigned NOT NULL,
  `type` tinyint(4) DEFAULT NULL,
  `created_at` timestamp NULL DEFAULT NULL,
  `updated_at` timestamp NULL DEFAULT NULL,
  PRIMARY KEY (`id`),
  KEY `options_uid_foreign` (`uid`),
  CONSTRAINT `options_uid_foreign` FOREIGN KEY (`uid`) REFERENCES `users` (`id`) ON DELETE CASCADE ON UPDATE CASCADE
) ENGINE=InnoDB DEFAULT CHARSET=utf8 COLLATE=utf8_unicode_ci;

-- ----------------------------
-- Records of options
-- ----------------------------

-- ----------------------------
-- Table structure for order
-- ----------------------------
DROP TABLE IF EXISTS `order`;
CREATE TABLE `order` (
  `id` int(10) unsigned NOT NULL AUTO_INCREMENT,
  `type` tinyint(4) NOT NULL,
  `time` tinyint(4) DEFAULT NULL,
  `first` timestamp NULL DEFAULT NULL,
  `week` tinyint(4) DEFAULT NULL,
  `sending` tinyint(4) DEFAULT NULL,
  `w` tinyint(4) DEFAULT NULL,
  `sending_name` varchar(50) COLLATE utf8_unicode_ci DEFAULT NULL,
  `sending_mobile` varchar(15) COLLATE utf8_unicode_ci DEFAULT NULL,
  `sending_address` varchar(255) COLLATE utf8_unicode_ci DEFAULT NULL,
  `prc` int(10) unsigned NOT NULL,
  `cid` int(10) unsigned NOT NULL,
  `uid` int(10) unsigned NOT NULL,
  `total` mediumint(9) DEFAULT NULL,
  `pay_type` tinyint(4) DEFAULT NULL,
  `price` int(11) DEFAULT NULL,
  `bank` varchar(255) COLLATE utf8_unicode_ci DEFAULT NULL,
  `no` varchar(255) COLLATE utf8_unicode_ci DEFAULT NULL,
  `sts` tinyint(4) DEFAULT NULL,
  `deleted_at` timestamp NULL DEFAULT NULL,
  `created_at` timestamp NULL DEFAULT NULL,
  `updated_at` timestamp NULL DEFAULT NULL,
  PRIMARY KEY (`id`)
) ENGINE=InnoDB AUTO_INCREMENT=2 DEFAULT CHARSET=utf8 COLLATE=utf8_unicode_ci;

-- ----------------------------
-- Records of order
-- ----------------------------
INSERT INTO `order` VALUES ('1', '1', '1', '2017-06-06 00:00:00', '1', '0', '2', null, null, null, '3', '1', '1', '1', '1', '125000', '12500', '12500000', '1', null, '2017-06-19 09:21:14', '2017-06-19 09:47:50');

-- ----------------------------
-- Table structure for password_resets
-- ----------------------------
DROP TABLE IF EXISTS `password_resets`;
CREATE TABLE `password_resets` (
  `email` varchar(255) COLLATE utf8_unicode_ci NOT NULL,
  `token` varchar(255) COLLATE utf8_unicode_ci NOT NULL,
  `created_at` timestamp NOT NULL DEFAULT CURRENT_TIMESTAMP ON UPDATE CURRENT_TIMESTAMP,
  KEY `password_resets_email_index` (`email`),
  KEY `password_resets_token_index` (`token`)
) ENGINE=InnoDB DEFAULT CHARSET=utf8 COLLATE=utf8_unicode_ci;

-- ----------------------------
-- Records of password_resets
-- ----------------------------

-- ----------------------------
-- Table structure for permission
-- ----------------------------
DROP TABLE IF EXISTS `permission`;
CREATE TABLE `permission` (
  `id` int(10) unsigned NOT NULL AUTO_INCREMENT,
  `utid` tinyint(4) NOT NULL,
  `rid` bigint(20) NOT NULL,
  `sts` tinyint(4) DEFAULT NULL,
  PRIMARY KEY (`id`)
) ENGINE=InnoDB AUTO_INCREMENT=23 DEFAULT CHARSET=utf8 COLLATE=utf8_unicode_ci;

-- ----------------------------
-- Records of permission
-- ----------------------------
INSERT INTO `permission` VALUES ('21', '3', '1010', null);
INSERT INTO `permission` VALUES ('22', '3', '10', null);

-- ----------------------------
-- Table structure for price_history
-- ----------------------------
DROP TABLE IF EXISTS `price_history`;
CREATE TABLE `price_history` (
  `id` int(10) unsigned NOT NULL AUTO_INCREMENT,
  `created_at` timestamp NULL DEFAULT NULL,
  `updated_at` timestamp NULL DEFAULT NULL,
  `price` int(11) NOT NULL,
  `pid` int(10) unsigned NOT NULL,
  PRIMARY KEY (`id`),
  KEY `price_history_pid_foreign` (`pid`),
  CONSTRAINT `price_history_pid_foreign` FOREIGN KEY (`pid`) REFERENCES `product` (`id`) ON DELETE CASCADE ON UPDATE CASCADE
) ENGINE=InnoDB DEFAULT CHARSET=utf8 COLLATE=utf8_unicode_ci;

-- ----------------------------
-- Records of price_history
-- ----------------------------

-- ----------------------------
-- Table structure for product
-- ----------------------------
DROP TABLE IF EXISTS `product`;
CREATE TABLE `product` (
  `id` int(10) unsigned NOT NULL AUTO_INCREMENT,
  `uid` int(10) unsigned NOT NULL,
  `code` varchar(40) COLLATE utf8_unicode_ci DEFAULT NULL,
  `title` varchar(40) COLLATE utf8_unicode_ci NOT NULL,
  `description` varchar(140) COLLATE utf8_unicode_ci DEFAULT NULL,
  `body` text COLLATE utf8_unicode_ci,
  `price` int(11) DEFAULT NULL,
  `pack_type` tinyint(4) DEFAULT NULL,
  `is_active` tinyint(1) DEFAULT NULL,
  `thumb` int(10) unsigned NOT NULL,
  `sales` int(11) NOT NULL,
  `sts` tinyint(4) DEFAULT NULL,
  `created_at` timestamp NULL DEFAULT NULL,
  `updated_at` timestamp NULL DEFAULT NULL,
  `deleted_at` timestamp NULL DEFAULT NULL,
  PRIMARY KEY (`id`),
  KEY `product_uid_foreign` (`uid`),
  CONSTRAINT `product_uid_foreign` FOREIGN KEY (`uid`) REFERENCES `users` (`id`) ON DELETE CASCADE ON UPDATE CASCADE
) ENGINE=InnoDB AUTO_INCREMENT=5 DEFAULT CHARSET=utf8 COLLATE=utf8_unicode_ci;

-- ----------------------------
-- Records of product
-- ----------------------------
INSERT INTO `product` VALUES ('2', '1', null, 'عنوان محصول', 'توضیح محصول', null, '12500', '2', null, '0', '5', '1', '2016-11-14 16:45:45', '2016-11-14 16:45:45', null);
INSERT INTO `product` VALUES ('3', '1', '102500', 'عنوان محصول', null, null, '12500', '3', '1', '0', '2', '1', '2016-11-14 23:57:48', '2016-11-14 23:57:48', null);
INSERT INTO `product` VALUES ('4', '1', '10', '10', null, null, '10', '2', '1', '0', '0', '1', '2016-11-15 00:13:55', '2016-11-15 00:13:55', null);

-- ----------------------------
-- Table structure for term
-- ----------------------------
DROP TABLE IF EXISTS `term`;
CREATE TABLE `term` (
  `id` int(10) unsigned NOT NULL AUTO_INCREMENT,
  `title` varchar(40) COLLATE utf8_unicode_ci NOT NULL,
  `description` varchar(255) COLLATE utf8_unicode_ci DEFAULT NULL,
  `parent` int(11) DEFAULT NULL,
  `count` int(11) DEFAULT NULL,
  `sts` tinyint(4) DEFAULT NULL,
  PRIMARY KEY (`id`)
) ENGINE=InnoDB DEFAULT CHARSET=utf8 COLLATE=utf8_unicode_ci;

-- ----------------------------
-- Records of term
-- ----------------------------

-- ----------------------------
-- Table structure for users
-- ----------------------------
DROP TABLE IF EXISTS `users`;
CREATE TABLE `users` (
  `id` int(10) unsigned NOT NULL AUTO_INCREMENT,
  `fname` varchar(50) COLLATE utf8_unicode_ci DEFAULT NULL,
  `lname` varchar(50) COLLATE utf8_unicode_ci DEFAULT NULL,
  `email` varchar(100) COLLATE utf8_unicode_ci DEFAULT NULL,
  `type` int(10) NOT NULL,
  `username` varchar(100) COLLATE utf8_unicode_ci NOT NULL,
  `password` varchar(60) COLLATE utf8_unicode_ci NOT NULL,
  `last_login` timestamp NOT NULL DEFAULT CURRENT_TIMESTAMP ON UPDATE CURRENT_TIMESTAMP,
  `active` tinyint(1) DEFAULT NULL,
  `remember_token` varchar(100) COLLATE utf8_unicode_ci NOT NULL,
  `personal_picture` varchar(255) COLLATE utf8_unicode_ci DEFAULT NULL,
  `sts` tinyint(4) DEFAULT NULL,
  `created_at` timestamp NULL DEFAULT NULL,
  `updated_at` timestamp NULL DEFAULT NULL,
  `deleted_at` timestamp NULL DEFAULT NULL,
  `gender` tinyint(4) DEFAULT NULL,
  PRIMARY KEY (`id`)
) ENGINE=InnoDB AUTO_INCREMENT=247 DEFAULT CHARSET=utf8 COLLATE=utf8_unicode_ci;

-- ----------------------------
-- Records of users
-- ----------------------------
INSERT INTO `users` VALUES ('1', 'احمد رضا', 'عزیزان', 'ar.azizan@gmail.com', '1', 'ar.azizan@gmail.com', '$2y$10$9o.xVzJ1pPvtyu7zEnFZ1.Pn0lBcX23iFnDpkoHKTD8PDPZClD7WS', '2017-06-18 12:26:35', '1', 'KW1Gj8JXYefyIiKpnFeCA63QDdbl4QkuAsF9gGTkaIBdCjgzerIkBx4m8NmH', 'uploads/user/profile/ar.azizan@gmail.com.jpg', '1', null, '2017-06-18 12:26:35', null, null);
INSERT INTO `users` VALUES ('8', 'احمد', 'عزیزان', 'ar.azizan@gmail.comgm', '2', 'عسثق', '', '2016-12-16 18:18:46', '1', '', null, null, '2016-11-14 16:14:33', '2016-12-16 18:18:46', null, null);
INSERT INTO `users` VALUES ('9', 'محمد', 'رحیمی', 'rahgimi@gmail.com', '10', '', '', '2016-11-17 19:23:43', '1', '', null, '1', '2016-11-15 11:18:51', '2016-11-29 00:17:15', null, null);
INSERT INTO `users` VALUES ('10', 'نام', 'نام خانوادگی', '', '11', '', '', '2016-11-29 11:41:34', null, '', null, '-1', '2016-11-24 22:30:19', '2016-11-29 00:17:25', null, null);
INSERT INTO `users` VALUES ('12', 'فرزین', 'احمدی', null, '21', '', '', '2016-12-12 21:04:24', null, '', null, '-1', '2016-11-25 10:27:11', '2016-11-25 10:27:11', null, null);
INSERT INTO `users` VALUES ('13', 'احمد', 'عزیزان', 'ar.azizan@gmail.com', '11', '', '', '2016-12-12 19:53:30', null, '', null, '1', '2016-12-12 19:53:30', '2016-12-12 19:53:30', null, '2');
INSERT INTO `users` VALUES ('14', 'احمد رضا', 'عزیزان', 'ar.azizan@gmail.com', '21', '', '', '2017-05-09 15:31:53', null, '', null, null, '2017-05-09 15:31:53', '2017-05-09 15:31:53', null, '1');
INSERT INTO `users` VALUES ('15', null, 'دکتر حسن صیرفی', null, '21', '', '', '2017-05-09 16:27:38', null, '', null, null, null, null, null, '1');
INSERT INTO `users` VALUES ('16', null, 'آقای منتخبی', null, '21', '', '', '2017-05-09 16:27:38', null, '', null, null, null, null, null, '1');
INSERT INTO `users` VALUES ('17', null, 'آقای حاجی بنده', null, '21', '', '', '2017-05-09 16:27:38', null, '', null, null, null, null, null, '1');
INSERT INTO `users` VALUES ('18', null, 'دکتر حسن اسلامی', null, '21', '', '', '2017-05-09 16:27:38', null, '', null, null, null, null, null, '1');
INSERT INTO `users` VALUES ('19', null, 'آقای یوسفی', null, '21', '', '', '2017-05-09 16:27:38', null, '', null, null, null, null, null, '1');
INSERT INTO `users` VALUES ('20', null, 'فرهاد شمس', null, '21', '', '', '2017-05-09 16:27:38', null, '', null, null, null, null, null, '1');
INSERT INTO `users` VALUES ('21', null, 'لیدا مومنی', null, '21', '', '', '2017-05-09 16:27:38', null, '', null, null, null, null, null, '1');
INSERT INTO `users` VALUES ('22', null, 'آقای دکتر پورفرید', null, '21', '', '', '2017-05-09 16:27:38', null, '', null, null, null, null, null, '1');
INSERT INTO `users` VALUES ('23', null, 'آقای امانی', null, '21', '', '', '2017-05-09 16:27:38', null, '', null, null, null, null, null, '1');
INSERT INTO `users` VALUES ('24', null, 'خانم جلالی', null, '21', '', '', '2017-05-09 16:27:38', null, '', null, null, null, null, null, '1');
INSERT INTO `users` VALUES ('25', null, 'دکتر رستگاری/آقایانی', null, '21', '', '', '2017-05-09 16:27:38', null, '', null, null, null, null, null, '1');
INSERT INTO `users` VALUES ('26', null, 'هادی بدر', null, '21', '', '', '2017-05-09 16:27:38', null, '', null, null, null, null, null, '1');
INSERT INTO `users` VALUES ('27', null, 'آقای گیتی نژاد', null, '21', '', '', '2017-05-09 16:27:38', null, '', null, null, null, null, null, '1');
INSERT INTO `users` VALUES ('28', null, 'دکتر کاردگر', null, '21', '', '', '2017-05-09 16:27:38', null, '', null, null, null, null, null, '1');
INSERT INTO `users` VALUES ('29', null, 'آقای مهرآبادی', null, '21', '', '', '2017-05-09 16:27:38', null, '', null, null, null, null, null, '1');
INSERT INTO `users` VALUES ('30', null, 'آقای گلستانی', null, '21', '', '', '2017-05-09 16:27:38', null, '', null, null, null, null, null, '1');
INSERT INTO `users` VALUES ('31', null, 'شیرین بایسته', null, '21', '', '', '2017-05-09 16:27:38', null, '', null, null, null, null, null, '1');
INSERT INTO `users` VALUES ('32', null, 'رستوران سفره', null, '21', '', '', '2017-05-09 16:27:39', null, '', null, null, null, null, null, '1');
INSERT INTO `users` VALUES ('33', null, 'آقای مهرآذین', null, '21', '', '', '2017-05-09 16:27:39', null, '', null, null, null, null, null, '1');
INSERT INTO `users` VALUES ('34', null, 'شرکت نت برگ', null, '21', '', '', '2017-05-09 16:27:39', null, '', null, null, null, null, null, '1');
INSERT INTO `users` VALUES ('35', null, 'خانم حیدری', null, '21', '', '', '2017-05-09 16:27:39', null, '', null, null, null, null, null, '1');
INSERT INTO `users` VALUES ('36', null, 'آقای جعفری', null, '21', '', '', '2017-05-09 16:27:39', null, '', null, null, null, null, null, '1');
INSERT INTO `users` VALUES ('37', null, 'آقای سجده ای', null, '21', '', '', '2017-05-09 16:27:39', null, '', null, null, null, null, null, '1');
INSERT INTO `users` VALUES ('38', null, 'آقای شهریاری', null, '21', '', '', '2017-05-09 16:27:39', null, '', null, null, null, null, null, '1');
INSERT INTO `users` VALUES ('39', null, 'آقای نویدی', null, '21', '', '', '2017-05-09 16:27:39', null, '', null, null, null, null, null, '1');
INSERT INTO `users` VALUES ('40', null, 'دکتر شریفی', null, '21', '', '', '2017-05-09 16:27:39', null, '', null, null, null, null, null, '1');
INSERT INTO `users` VALUES ('41', null, 'آقای محیط', null, '21', '', '', '2017-05-09 16:27:39', null, '', null, null, null, null, null, '1');
INSERT INTO `users` VALUES ('42', null, 'آقای سیدکباری', null, '21', '', '', '2017-05-09 16:27:39', null, '', null, null, null, null, null, '1');
INSERT INTO `users` VALUES ('43', null, 'آقای جوادی', null, '21', '', '', '2017-05-09 16:27:39', null, '', null, null, null, null, null, '1');
INSERT INTO `users` VALUES ('44', null, 'حبیبی تنها', null, '21', '', '', '2017-05-09 16:27:39', null, '', null, null, null, null, null, '1');
INSERT INTO `users` VALUES ('45', null, 'آقای وحدت', null, '21', '', '', '2017-05-09 16:27:39', null, '', null, null, null, null, null, '1');
INSERT INTO `users` VALUES ('46', null, 'اقای مقدم', null, '21', '', '', '2017-05-09 16:27:39', null, '', null, null, null, null, null, '1');
INSERT INTO `users` VALUES ('47', null, 'خانم خسروشاهی', null, '21', '', '', '2017-05-09 16:27:39', null, '', null, null, null, null, null, '1');
INSERT INTO `users` VALUES ('48', null, 'اقای بهزاد شمس', null, '21', '', '', '2017-05-09 16:27:39', null, '', null, null, null, null, null, '1');
INSERT INTO `users` VALUES ('49', null, 'آقای صائب', null, '21', '', '', '2017-05-09 16:27:39', null, '', null, null, null, null, null, '1');
INSERT INTO `users` VALUES ('50', null, 'آقای غریب', null, '21', '', '', '2017-05-09 16:27:39', null, '', null, null, null, null, null, '1');
INSERT INTO `users` VALUES ('51', null, 'آقای خسروی', null, '21', '', '', '2017-05-09 16:27:39', null, '', null, null, null, null, null, '1');
INSERT INTO `users` VALUES ('52', null, 'خانم معنوی', null, '21', '', '', '2017-05-09 16:27:39', null, '', null, null, null, null, null, '1');
INSERT INTO `users` VALUES ('53', null, 'خانم جوادیان', null, '21', '', '', '2017-05-09 16:27:39', null, '', null, null, null, null, null, '1');
INSERT INTO `users` VALUES ('54', null, 'سید شاهین شفیعی', null, '21', '', '', '2017-05-09 16:27:39', null, '', null, null, null, null, null, '1');
INSERT INTO `users` VALUES ('55', null, 'دکتر نیکبخت', null, '21', '', '', '2017-05-09 16:27:39', null, '', null, null, null, null, null, '1');
INSERT INTO `users` VALUES ('56', null, 'آقای دکتر دابشلیم', null, '21', '', '', '2017-05-09 16:27:39', null, '', null, null, null, null, null, '1');
INSERT INTO `users` VALUES ('57', null, 'خانه آرمانی', null, '21', '', '', '2017-05-09 16:27:39', null, '', null, null, null, null, null, '1');
INSERT INTO `users` VALUES ('58', null, 'آقای طباطبایی', null, '21', '', '', '2017-05-09 16:27:39', null, '', null, null, null, null, null, '1');
INSERT INTO `users` VALUES ('59', null, 'دکتر فائز رضوانی', null, '21', '', '', '2017-05-09 16:27:39', null, '', null, null, null, null, null, '1');
INSERT INTO `users` VALUES ('60', null, 'اقای مومنی', null, '21', '', '', '2017-05-09 16:27:40', null, '', null, null, null, null, null, '1');
INSERT INTO `users` VALUES ('61', null, 'دکتر ملک احمدی', null, '21', '', '', '2017-05-09 16:27:40', null, '', null, null, null, null, null, '1');
INSERT INTO `users` VALUES ('62', null, 'آقای پناهی', null, '21', '', '', '2017-05-09 16:27:40', null, '', null, null, null, null, null, '1');
INSERT INTO `users` VALUES ('63', null, 'دکتر عباس وشکینی', null, '21', '', '', '2017-05-09 16:27:40', null, '', null, null, null, null, null, '1');
INSERT INTO `users` VALUES ('64', null, 'رهنما', null, '21', '', '', '2017-05-09 16:27:40', null, '', null, null, null, null, null, '1');
INSERT INTO `users` VALUES ('65', null, 'آقای شید مند', null, '21', '', '', '2017-05-09 16:27:40', null, '', null, null, null, null, null, '1');
INSERT INTO `users` VALUES ('66', null, 'علی عمیدی', null, '21', '', '', '2017-05-09 16:27:40', null, '', null, null, null, null, null, '1');
INSERT INTO `users` VALUES ('67', null, 'محمدمهدی حائری', null, '21', '', '', '2017-05-09 16:27:40', null, '', null, null, null, null, null, '1');
INSERT INTO `users` VALUES ('68', null, 'امیر کیهان شمس', null, '21', '', '', '2017-05-09 16:27:40', null, '', null, null, null, null, null, '1');
INSERT INTO `users` VALUES ('69', null, 'خانم نظری', null, '21', '', '', '2017-05-09 16:27:40', null, '', null, null, null, null, null, '1');
INSERT INTO `users` VALUES ('70', null, 'آقای حنانی', null, '21', '', '', '2017-05-09 16:27:40', null, '', null, null, null, null, null, '1');
INSERT INTO `users` VALUES ('71', null, 'سعید نعمتی', null, '21', '', '', '2017-05-09 16:27:40', null, '', null, null, null, null, null, '1');
INSERT INTO `users` VALUES ('72', null, 'آقای شریف', null, '21', '', '', '2017-05-09 16:27:40', null, '', null, null, null, null, null, '1');
INSERT INTO `users` VALUES ('73', null, 'هرمز شمس', null, '21', '', '', '2017-05-09 16:27:40', null, '', null, null, null, null, null, '1');
INSERT INTO `users` VALUES ('74', null, 'آقای وثوقی', null, '21', '', '', '2017-05-09 16:27:40', null, '', null, null, null, null, null, '1');
INSERT INTO `users` VALUES ('75', null, 'دکتر امیری مقدم', null, '21', '', '', '2017-05-09 16:27:40', null, '', null, null, null, null, null, '1');
INSERT INTO `users` VALUES ('76', null, 'آقای جعفری (قرن ۲۱', null, '21', '', '', '2017-05-09 16:27:40', null, '', null, null, null, null, null, '1');
INSERT INTO `users` VALUES ('77', null, 'آقای درفش دوز', null, '21', '', '', '2017-05-09 16:27:40', null, '', null, null, null, null, null, '1');
INSERT INTO `users` VALUES ('78', null, 'آقای مردی', null, '21', '', '', '2017-05-09 16:27:40', null, '', null, null, null, null, null, '1');
INSERT INTO `users` VALUES ('79', null, 'رضا عباسی', null, '21', '', '', '2017-05-09 16:27:40', null, '', null, null, null, null, null, '1');
INSERT INTO `users` VALUES ('80', null, 'مهدی متفیان', null, '21', '', '', '2017-05-09 16:27:40', null, '', null, null, null, null, null, '1');
INSERT INTO `users` VALUES ('81', null, 'دکتر نحوی', null, '21', '', '', '2017-05-09 16:27:40', null, '', null, null, null, null, null, '1');
INSERT INTO `users` VALUES ('82', null, 'خانم رستمی', null, '21', '', '', '2017-05-09 16:27:40', null, '', null, null, null, null, null, '1');
INSERT INTO `users` VALUES ('83', null, 'آقای مفاخری', null, '21', '', '', '2017-05-09 16:27:40', null, '', null, null, null, null, null, '1');
INSERT INTO `users` VALUES ('84', null, 'دکتر نیاکی', null, '21', '', '', '2017-05-09 16:27:40', null, '', null, null, null, null, null, '1');
INSERT INTO `users` VALUES ('85', null, 'میلاد نجفی', null, '21', '', '', '2017-05-09 16:27:40', null, '', null, null, null, null, null, '1');
INSERT INTO `users` VALUES ('86', null, 'دکتر علی کمالیان', null, '21', '', '', '2017-05-09 16:27:40', null, '', null, null, null, null, null, '1');
INSERT INTO `users` VALUES ('87', null, 'آقای کائینی', null, '21', '', '', '2017-05-09 16:27:40', null, '', null, null, null, null, null, '1');
INSERT INTO `users` VALUES ('88', null, '\"شرکت ورتون', null, '21', '', '', '2017-05-09 16:27:40', null, '', null, null, null, null, null, '1');
INSERT INTO `users` VALUES ('89', null, 'وجدان طلب\"', null, '21', '', '', '2017-05-09 16:27:41', null, '', null, null, null, null, null, '1');
INSERT INTO `users` VALUES ('90', null, 'آقای نادری', null, '21', '', '', '2017-05-09 16:27:41', null, '', null, null, null, null, null, '1');
INSERT INTO `users` VALUES ('91', null, 'آقای صابونچی', null, '21', '', '', '2017-05-09 16:27:41', null, '', null, null, null, null, null, '1');
INSERT INTO `users` VALUES ('92', null, 'آقای هرندی', null, '21', '', '', '2017-05-09 16:27:41', null, '', null, null, null, null, null, '1');
INSERT INTO `users` VALUES ('93', null, 'حسن صمدی', null, '21', '', '', '2017-05-09 16:27:41', null, '', null, null, null, null, null, '1');
INSERT INTO `users` VALUES ('94', null, 'دکتر ابولفضل زارعی', null, '21', '', '', '2017-05-09 16:27:41', null, '', null, null, null, null, null, '1');
INSERT INTO `users` VALUES ('95', null, 'ژوبین شهیدی', null, '21', '', '', '2017-05-09 16:27:41', null, '', null, null, null, null, null, '1');
INSERT INTO `users` VALUES ('96', null, 'فروزان بروجی', null, '21', '', '', '2017-05-09 16:27:41', null, '', null, null, null, null, null, '1');
INSERT INTO `users` VALUES ('97', null, 'دکتر کریمی', null, '21', '', '', '2017-05-09 16:27:41', null, '', null, null, null, null, null, '1');
INSERT INTO `users` VALUES ('98', null, 'ساجده خاک سفیدی', null, '21', '', '', '2017-05-09 16:27:41', null, '', null, null, null, null, null, '1');
INSERT INTO `users` VALUES ('99', null, 'آقای بوستان', null, '21', '', '', '2017-05-09 16:27:41', null, '', null, null, null, null, null, '1');
INSERT INTO `users` VALUES ('100', null, 'ابوالفضل ناظمی', null, '21', '', '', '2017-05-09 16:27:41', null, '', null, null, null, null, null, '1');
INSERT INTO `users` VALUES ('101', null, 'سیمین محمد خانی', null, '21', '', '', '2017-05-09 16:27:41', null, '', null, null, null, null, null, '1');
INSERT INTO `users` VALUES ('102', null, 'خانم زارعی', null, '21', '', '', '2017-05-09 16:27:41', null, '', null, null, null, null, null, '1');
INSERT INTO `users` VALUES ('103', null, 'خانم کاملی', null, '21', '', '', '2017-05-09 16:27:41', null, '', null, null, null, null, null, '1');
INSERT INTO `users` VALUES ('104', null, 'دکتر زهرا واعظی', null, '21', '', '', '2017-05-09 16:27:41', null, '', null, null, null, null, null, '1');
INSERT INTO `users` VALUES ('105', null, 'آقای فرجی', null, '21', '', '', '2017-05-09 16:27:41', null, '', null, null, null, null, null, '1');
INSERT INTO `users` VALUES ('106', null, 'آقای غفاری', null, '21', '', '', '2017-05-09 16:27:41', null, '', null, null, null, null, null, '1');
INSERT INTO `users` VALUES ('107', null, 'دکتر گیتی', null, '21', '', '', '2017-05-09 16:27:41', null, '', null, null, null, null, null, '1');
INSERT INTO `users` VALUES ('108', null, 'آقای تواضع', null, '21', '', '', '2017-05-09 16:27:41', null, '', null, null, null, null, null, '1');
INSERT INTO `users` VALUES ('109', null, 'آقای محمدی', null, '21', '', '', '2017-05-09 16:27:41', null, '', null, null, null, null, null, '1');
INSERT INTO `users` VALUES ('110', null, 'دکتر مجتبی غفاری پور', null, '21', '', '', '2017-05-09 16:27:41', null, '', null, null, null, null, null, '1');
INSERT INTO `users` VALUES ('111', null, 'آقای احمدی', null, '21', '', '', '2017-05-09 16:27:42', null, '', null, null, null, null, null, '1');
INSERT INTO `users` VALUES ('112', null, 'دکتر مجید مدنی', null, '21', '', '', '2017-05-09 16:27:42', null, '', null, null, null, null, null, '1');
INSERT INTO `users` VALUES ('113', null, 'خانم محسنی', null, '21', '', '', '2017-05-09 16:27:42', null, '', null, null, null, null, null, '1');
INSERT INTO `users` VALUES ('114', null, 'دکتر نبوی نژاد', null, '21', '', '', '2017-05-09 16:27:42', null, '', null, null, null, null, null, '1');
INSERT INTO `users` VALUES ('115', null, 'علیرضا دوروش', null, '21', '', '', '2017-05-09 16:27:42', null, '', null, null, null, null, null, '1');
INSERT INTO `users` VALUES ('116', null, 'خانم ناجی پور', null, '21', '', '', '2017-05-09 16:27:42', null, '', null, null, null, null, null, '1');
INSERT INTO `users` VALUES ('117', null, 'آقای دکتر زینی', null, '21', '', '', '2017-05-09 16:27:42', null, '', null, null, null, null, null, '1');
INSERT INTO `users` VALUES ('118', null, 'آقای افشار', null, '21', '', '', '2017-05-09 16:27:42', null, '', null, null, null, null, null, '1');
INSERT INTO `users` VALUES ('119', null, 'دکتر مهرداد نادریان', null, '21', '', '', '2017-05-09 16:27:42', null, '', null, null, null, null, null, '1');
INSERT INTO `users` VALUES ('120', null, 'دکتر صباغ زاده', null, '21', '', '', '2017-05-09 16:27:42', null, '', null, null, null, null, null, '1');
INSERT INTO `users` VALUES ('121', null, 'دکتر پیرزاده', null, '21', '', '', '2017-05-09 16:27:42', null, '', null, null, null, null, null, '1');
INSERT INTO `users` VALUES ('122', null, 'مهندس فتحی', null, '21', '', '', '2017-05-09 16:27:42', null, '', null, null, null, null, null, '1');
INSERT INTO `users` VALUES ('123', null, 'آقای درخشان', null, '21', '', '', '2017-05-09 16:27:42', null, '', null, null, null, null, null, '1');
INSERT INTO `users` VALUES ('124', null, 'آقای نیکبخت', null, '21', '', '', '2017-05-09 16:27:42', null, '', null, null, null, null, null, '1');
INSERT INTO `users` VALUES ('125', null, 'هوشیار حشمتی', null, '21', '', '', '2017-05-09 16:27:42', null, '', null, null, null, null, null, '1');
INSERT INTO `users` VALUES ('126', null, 'دکتر شاهیدخت', null, '21', '', '', '2017-05-09 16:27:42', null, '', null, null, null, null, null, '1');
INSERT INTO `users` VALUES ('127', null, 'محسن غنائی', null, '21', '', '', '2017-05-09 16:27:42', null, '', null, null, null, null, null, '1');
INSERT INTO `users` VALUES ('128', null, 'آقای حمزه ای', null, '21', '', '', '2017-05-09 16:27:42', null, '', null, null, null, null, null, '1');
INSERT INTO `users` VALUES ('129', null, 'خانم دکتر میرچی', null, '21', '', '', '2017-05-09 16:27:42', null, '', null, null, null, null, null, '1');
INSERT INTO `users` VALUES ('130', null, 'آقای مهدی خانمحمدی', null, '21', '', '', '2017-05-09 16:27:42', null, '', null, null, null, null, null, '1');
INSERT INTO `users` VALUES ('131', null, 'آقای خزائی', null, '21', '', '', '2017-05-09 16:27:42', null, '', null, null, null, null, null, '1');
INSERT INTO `users` VALUES ('132', null, 'دکتر ناصحی پور', null, '21', '', '', '2017-05-09 16:27:42', null, '', null, null, null, null, null, '1');
INSERT INTO `users` VALUES ('133', null, 'آقای نجفی', null, '21', '', '', '2017-05-09 16:27:42', null, '', null, null, null, null, null, '1');
INSERT INTO `users` VALUES ('134', null, 'آقای سیدعلی موسوی', null, '21', '', '', '2017-05-09 16:27:42', null, '', null, null, null, null, null, '1');
INSERT INTO `users` VALUES ('135', null, 'آقای منفرد', null, '21', '', '', '2017-05-09 16:27:42', null, '', null, null, null, null, null, '1');
INSERT INTO `users` VALUES ('136', null, 'آقای خاطری', null, '21', '', '', '2017-05-09 16:27:42', null, '', null, null, null, null, null, '1');
INSERT INTO `users` VALUES ('137', null, 'محمد حبیبی تنها', null, '21', '', '', '2017-05-09 16:27:42', null, '', null, null, null, null, null, '1');
INSERT INTO `users` VALUES ('138', null, '\"تصویر گستر پاسارگاد', null, '21', '', '', '2017-05-09 16:27:42', null, '', null, null, null, null, null, '1');
INSERT INTO `users` VALUES ('139', null, 'آقای اسدزاده\"', null, '21', '', '', '2017-05-09 16:27:42', null, '', null, null, null, null, null, '1');
INSERT INTO `users` VALUES ('140', null, 'آقای بهشتی', null, '21', '', '', '2017-05-09 16:27:42', null, '', null, null, null, null, null, '1');
INSERT INTO `users` VALUES ('141', null, 'خانم محمدی', null, '21', '', '', '2017-05-09 16:27:42', null, '', null, null, null, null, null, '1');
INSERT INTO `users` VALUES ('142', null, 'وجیهه جعفری', null, '21', '', '', '2017-05-09 16:27:42', null, '', null, null, null, null, null, '1');
INSERT INTO `users` VALUES ('143', null, ' اقای نجفی آژانس مسافرتی', null, '21', '', '', '2017-05-09 16:27:43', null, '', null, null, null, null, null, '1');
INSERT INTO `users` VALUES ('144', null, 'خانم ملکی', null, '21', '', '', '2017-05-09 16:27:43', null, '', null, null, null, null, null, '1');
INSERT INTO `users` VALUES ('145', null, 'آقای فراهانی', null, '21', '', '', '2017-05-09 16:27:43', null, '', null, null, null, null, null, '1');
INSERT INTO `users` VALUES ('146', null, '\"آقای نجفی', null, '21', '', '', '2017-05-09 16:27:43', null, '', null, null, null, null, null, '1');
INSERT INTO `users` VALUES ('147', null, 'مدیر عامل ژوبین گشت\"', null, '21', '', '', '2017-05-09 16:27:43', null, '', null, null, null, null, null, '1');
INSERT INTO `users` VALUES ('148', null, 'دکتر آرش خجسته', null, '21', '', '', '2017-05-09 16:27:43', null, '', null, null, null, null, null, '1');
INSERT INTO `users` VALUES ('149', null, 'آقای مهربانی', null, '21', '', '', '2017-05-09 16:27:43', null, '', null, null, null, null, null, '1');
INSERT INTO `users` VALUES ('150', null, 'دکتر حسینی خامنه', null, '21', '', '', '2017-05-09 16:27:43', null, '', null, null, null, null, null, '1');
INSERT INTO `users` VALUES ('151', null, 'آقای مرادی', null, '21', '', '', '2017-05-09 16:27:43', null, '', null, null, null, null, null, '1');
INSERT INTO `users` VALUES ('152', null, 'آقای پرویز هاشمی', null, '21', '', '', '2017-05-09 16:27:43', null, '', null, null, null, null, null, '1');
INSERT INTO `users` VALUES ('153', null, 'خانم زمانی', null, '21', '', '', '2017-05-09 16:27:43', null, '', null, null, null, null, null, '1');
INSERT INTO `users` VALUES ('154', null, 'آقای نادی', null, '21', '', '', '2017-05-09 16:27:43', null, '', null, null, null, null, null, '1');
INSERT INTO `users` VALUES ('155', null, 'دکترماهور طباطبایی', null, '21', '', '', '2017-05-09 16:27:43', null, '', null, null, null, null, null, '1');
INSERT INTO `users` VALUES ('156', null, 'خانم بیک پور', null, '21', '', '', '2017-05-09 16:27:43', null, '', null, null, null, null, null, '1');
INSERT INTO `users` VALUES ('157', null, 'آقای افروزی ', null, '21', '', '', '2017-05-09 16:27:43', null, '', null, null, null, null, null, '1');
INSERT INTO `users` VALUES ('158', null, 'محمد قریشی', null, '21', '', '', '2017-05-09 16:27:43', null, '', null, null, null, null, null, '1');
INSERT INTO `users` VALUES ('159', null, 'دکتر باقر نراقی', null, '21', '', '', '2017-05-09 16:27:43', null, '', null, null, null, null, null, '1');
INSERT INTO `users` VALUES ('160', null, 'دکترعلی اصغر شاهین فرد', null, '21', '', '', '2017-05-09 16:27:43', null, '', null, null, null, null, null, '1');
INSERT INTO `users` VALUES ('161', null, 'حسین باغشاهی', null, '21', '', '', '2017-05-09 16:27:43', null, '', null, null, null, null, null, '1');
INSERT INTO `users` VALUES ('162', null, 'فاطمه عسگری', null, '21', '', '', '2017-05-09 16:27:43', null, '', null, null, null, null, null, '1');
INSERT INTO `users` VALUES ('163', null, 'خانم عبدلی', null, '21', '', '', '2017-05-09 16:27:43', null, '', null, null, null, null, null, '1');
INSERT INTO `users` VALUES ('164', null, 'عباس ریاحی فرد', null, '21', '', '', '2017-05-09 16:27:43', null, '', null, null, null, null, null, '1');
INSERT INTO `users` VALUES ('165', null, 'میستوره ترک مرادی', null, '21', '', '', '2017-05-09 16:27:43', null, '', null, null, null, null, null, '1');
INSERT INTO `users` VALUES ('166', null, 'فائزه سبزی', null, '21', '', '', '2017-05-09 16:27:43', null, '', null, null, null, null, null, '1');
INSERT INTO `users` VALUES ('167', null, 'آقای جوادی شرکت اوج البرز', null, '21', '', '', '2017-05-09 16:27:43', null, '', null, null, null, null, null, '1');
INSERT INTO `users` VALUES ('168', null, 'خانم سیف', null, '21', '', '', '2017-05-09 16:27:43', null, '', null, null, null, null, null, '1');
INSERT INTO `users` VALUES ('169', null, 'خانم پریسا اشتیاق', null, '21', '', '', '2017-05-09 16:27:43', null, '', null, null, null, null, null, '1');
INSERT INTO `users` VALUES ('170', null, 'آقای علیپور املاک', null, '21', '', '', '2017-05-09 16:27:43', null, '', null, null, null, null, null, '1');
INSERT INTO `users` VALUES ('171', null, 'خانم خالقی اژانس هواپیمایی', null, '21', '', '', '2017-05-09 16:27:43', null, '', null, null, null, null, null, '1');
INSERT INTO `users` VALUES ('172', null, 'اقای بلندی  اسناد رسمی', null, '21', '', '', '2017-05-09 16:27:43', null, '', null, null, null, null, null, '1');
INSERT INTO `users` VALUES ('173', null, 'مهدی شکوهی ', null, '21', '', '', '2017-05-09 16:27:43', null, '', null, null, null, null, null, '1');
INSERT INTO `users` VALUES ('174', null, 'شرکت سفیران آذر خانم حمزه لو', null, '21', '', '', '2017-05-09 16:27:43', null, '', null, null, null, null, null, '1');
INSERT INTO `users` VALUES ('175', null, 'علیرضا محسنیان ', null, '21', '', '', '2017-05-09 16:27:44', null, '', null, null, null, null, null, '1');
INSERT INTO `users` VALUES ('176', null, 'سیامک محیط ابادی', null, '21', '', '', '2017-05-09 16:27:44', null, '', null, null, null, null, null, '1');
INSERT INTO `users` VALUES ('177', null, 'فهیمه خلدآبادی ', null, '21', '', '', '2017-05-09 16:27:44', null, '', null, null, null, null, null, '1');
INSERT INTO `users` VALUES ('178', null, 'آقای رحیمی ', null, '21', '', '', '2017-05-09 16:27:44', null, '', null, null, null, null, null, '1');
INSERT INTO `users` VALUES ('179', null, 'اقای نوروزی', null, '21', '', '', '2017-05-09 16:27:44', null, '', null, null, null, null, null, '1');
INSERT INTO `users` VALUES ('180', null, 'عسل لطف نیا', null, '21', '', '', '2017-05-09 16:27:44', null, '', null, null, null, null, null, '1');
INSERT INTO `users` VALUES ('181', null, 'آقای افضلی', null, '21', '', '', '2017-05-09 16:27:44', null, '', null, null, null, null, null, '1');
INSERT INTO `users` VALUES ('182', null, 'آقای ضابطیان ', null, '21', '', '', '2017-05-09 16:27:44', null, '', null, null, null, null, null, '1');
INSERT INTO `users` VALUES ('183', null, 'خانم نجفی ', null, '21', '', '', '2017-05-09 16:27:44', null, '', null, null, null, null, null, '1');
INSERT INTO `users` VALUES ('184', null, 'آقای موسوی', null, '21', '', '', '2017-05-09 16:27:44', null, '', null, null, null, null, null, '1');
INSERT INTO `users` VALUES ('185', null, 'دکتر حسین تقوی', null, '21', '', '', '2017-05-09 16:27:44', null, '', null, null, null, null, null, '1');
INSERT INTO `users` VALUES ('186', null, 'آقای کاظم زاده', null, '21', '', '', '2017-05-09 16:27:44', null, '', null, null, null, null, null, '1');
INSERT INTO `users` VALUES ('187', null, 'آقای حسینی', null, '21', '', '', '2017-05-09 16:27:44', null, '', null, null, null, null, null, '1');
INSERT INTO `users` VALUES ('188', null, 'دکتر نجفی', null, '21', '', '', '2017-05-09 16:27:44', null, '', null, null, null, null, null, '1');
INSERT INTO `users` VALUES ('189', null, 'اقای دکتر هاشمی', null, '21', '', '', '2017-05-09 16:27:44', null, '', null, null, null, null, null, '1');
INSERT INTO `users` VALUES ('190', null, '\"امیرحسین توسلی', null, '21', '', '', '2017-05-09 16:27:44', null, '', null, null, null, null, null, '1');
INSERT INTO `users` VALUES ('191', null, 'مدیر آژانس هواپیمایی\"', null, '21', '', '', '2017-05-09 16:27:44', null, '', null, null, null, null, null, '1');
INSERT INTO `users` VALUES ('192', null, 'خانم جلیلی', null, '21', '', '', '2017-05-09 16:27:44', null, '', null, null, null, null, null, '1');
INSERT INTO `users` VALUES ('193', null, 'دکتر معظمی ', null, '21', '', '', '2017-05-09 16:27:44', null, '', null, null, null, null, null, '1');
INSERT INTO `users` VALUES ('194', null, 'کامران باقری', null, '21', '', '', '2017-05-09 16:27:44', null, '', null, null, null, null, null, '1');
INSERT INTO `users` VALUES ('195', null, 'دکتر بصام پور', null, '21', '', '', '2017-05-09 16:27:44', null, '', null, null, null, null, null, '1');
INSERT INTO `users` VALUES ('196', null, 'اقای جهانی', null, '21', '', '', '2017-05-09 16:27:44', null, '', null, null, null, null, null, '1');
INSERT INTO `users` VALUES ('197', null, 'خانم مهرآفر', null, '21', '', '', '2017-05-09 16:27:44', null, '', null, null, null, null, null, '1');
INSERT INTO `users` VALUES ('198', null, 'نوید کسایی(مدیرآژانس هواپیمایی)', null, '21', '', '', '2017-05-09 16:27:45', null, '', null, null, null, null, null, '1');
INSERT INTO `users` VALUES ('199', null, 'دکتر تقی درودگر ', null, '21', '', '', '2017-05-09 16:27:45', null, '', null, null, null, null, null, '1');
INSERT INTO `users` VALUES ('200', null, 'آقای اسلامی قرائتی', null, '21', '', '', '2017-05-09 16:27:45', null, '', null, null, null, null, null, '1');
INSERT INTO `users` VALUES ('201', null, 'بهار تیموری', null, '21', '', '', '2017-05-09 16:27:45', null, '', null, null, null, null, null, '1');
INSERT INTO `users` VALUES ('202', null, 'خانم نسا محمدی', null, '21', '', '', '2017-05-09 16:27:45', null, '', null, null, null, null, null, '1');
INSERT INTO `users` VALUES ('203', null, 'محمدرضا یوسفی نژاد', null, '21', '', '', '2017-05-09 16:27:45', null, '', null, null, null, null, null, '1');
INSERT INTO `users` VALUES ('204', null, 'معصومه غضنفری', null, '21', '', '', '2017-05-09 16:27:45', null, '', null, null, null, null, null, '1');
INSERT INTO `users` VALUES ('205', null, 'دکترسامان', null, '21', '', '', '2017-05-09 16:27:45', null, '', null, null, null, null, null, '1');
INSERT INTO `users` VALUES ('206', null, 'احمد رجبی', null, '21', '', '', '2017-05-09 16:27:45', null, '', null, null, null, null, null, '1');
INSERT INTO `users` VALUES ('207', null, 'مانیا اندرز ', null, '21', '', '', '2017-05-09 16:27:45', null, '', null, null, null, null, null, '1');
INSERT INTO `users` VALUES ('208', null, 'شمیم شهباز ', null, '21', '', '', '2017-05-09 16:27:45', null, '', null, null, null, null, null, '1');
INSERT INTO `users` VALUES ('209', null, 'مهدی امیر جعفری', null, '21', '', '', '2017-05-09 16:27:45', null, '', null, null, null, null, null, '1');
INSERT INTO `users` VALUES ('210', null, 'اقای ربی فرد', null, '21', '', '', '2017-05-09 16:27:45', null, '', null, null, null, null, null, '1');
INSERT INTO `users` VALUES ('211', null, 'خانم خلیل نژاد ', null, '21', '', '', '2017-05-09 16:27:45', null, '', null, null, null, null, null, '1');
INSERT INTO `users` VALUES ('212', null, 'دکتر مهدی اکبری', null, '21', '', '', '2017-05-09 16:27:45', null, '', null, null, null, null, null, '1');
INSERT INTO `users` VALUES ('213', null, 'دکتر پریسا عابدی', null, '21', '', '', '2017-05-09 16:27:45', null, '', null, null, null, null, null, '1');
INSERT INTO `users` VALUES ('214', null, 'دکتر مومنی', null, '21', '', '', '2017-05-09 16:27:45', null, '', null, null, null, null, null, '1');
INSERT INTO `users` VALUES ('215', null, 'دکترعلوی', null, '21', '', '', '2017-05-09 16:27:45', null, '', null, null, null, null, null, '1');
INSERT INTO `users` VALUES ('216', null, 'شکوفه گودرزی', null, '21', '', '', '2017-05-09 16:27:45', null, '', null, null, null, null, null, '1');
INSERT INTO `users` VALUES ('217', null, 'خانم عرب ', null, '21', '', '', '2017-05-09 16:27:45', null, '', null, null, null, null, null, '1');
INSERT INTO `users` VALUES ('218', null, 'حسین لباف ', null, '21', '', '', '2017-05-09 16:27:45', null, '', null, null, null, null, null, '1');
INSERT INTO `users` VALUES ('219', null, 'علیرضا موثقی ', null, '21', '', '', '2017-05-09 16:27:46', null, '', null, null, null, null, null, '1');
INSERT INTO `users` VALUES ('220', null, 'خانم صالحی', null, '21', '', '', '2017-05-09 16:27:46', null, '', null, null, null, null, null, '1');
INSERT INTO `users` VALUES ('221', null, 'خانم ابوالقاسمی', null, '21', '', '', '2017-05-09 16:27:46', null, '', null, null, null, null, null, '1');
INSERT INTO `users` VALUES ('222', null, 'خانم نعمتی', null, '21', '', '', '2017-05-09 16:27:46', null, '', null, null, null, null, null, '1');
INSERT INTO `users` VALUES ('223', null, 'خانم میرزایی', null, '21', '', '', '2017-05-09 16:27:46', null, '', null, null, null, null, null, '1');
INSERT INTO `users` VALUES ('224', null, 'آقای گوهری', null, '21', '', '', '2017-05-09 16:27:46', null, '', null, null, null, null, null, '1');
INSERT INTO `users` VALUES ('225', null, 'خانم گودرزی مدیر عامل', null, '21', '', '', '2017-05-09 16:27:46', null, '', null, null, null, null, null, '1');
INSERT INTO `users` VALUES ('226', null, 'گلرخ ', null, '21', '', '', '2017-05-09 16:27:46', null, '', null, null, null, null, null, '1');
INSERT INTO `users` VALUES ('227', null, 'خانم بکان ', null, '21', '', '', '2017-05-09 16:27:46', null, '', null, null, null, null, null, '1');
INSERT INTO `users` VALUES ('228', null, 'دکتر اذرفر', null, '21', '', '', '2017-05-09 16:27:46', null, '', null, null, null, null, null, '1');
INSERT INTO `users` VALUES ('229', null, 'اقای استوار', null, '21', '', '', '2017-05-09 16:27:46', null, '', null, null, null, null, null, '1');
INSERT INTO `users` VALUES ('230', null, 'ارش مدنی', null, '21', '', '', '2017-05-09 16:27:46', null, '', null, null, null, null, null, '1');
INSERT INTO `users` VALUES ('231', null, 'مرتضی نیکوبذل', null, '21', '', '', '2017-05-09 16:27:46', null, '', null, null, null, null, null, '1');
INSERT INTO `users` VALUES ('232', null, 'دکتر پورانداخت حقیری', null, '21', '', '', '2017-05-09 16:27:46', null, '', null, null, null, null, null, '1');
INSERT INTO `users` VALUES ('233', null, 'مجید فیروزیان ', null, '21', '', '', '2017-05-09 16:27:46', null, '', null, null, null, null, null, '1');
INSERT INTO `users` VALUES ('234', null, 'خانم بیتا', null, '21', '', '', '2017-05-09 16:27:46', null, '', null, null, null, null, null, '1');
INSERT INTO `users` VALUES ('235', null, 'دکتر مسعود سمیعی ', null, '21', '', '', '2017-05-09 16:27:46', null, '', null, null, null, null, null, '1');
INSERT INTO `users` VALUES ('236', null, 'خانم تهرانی', null, '21', '', '', '2017-05-09 16:27:46', null, '', null, null, null, null, null, '1');
INSERT INTO `users` VALUES ('237', null, 'شهریار ضرغام', null, '21', '', '', '2017-05-09 16:27:46', null, '', null, null, null, null, null, '1');
INSERT INTO `users` VALUES ('238', null, 'اقای ایازی ', null, '21', '', '', '2017-05-09 16:27:46', null, '', null, null, null, null, null, '1');
INSERT INTO `users` VALUES ('239', null, 'برکه صادقی', null, '21', '', '', '2017-05-09 16:27:46', null, '', null, null, null, null, null, '1');
INSERT INTO `users` VALUES ('240', null, 'خانم حسینی', null, '21', '', '', '2017-05-09 16:27:46', null, '', null, null, null, null, null, '1');
INSERT INTO `users` VALUES ('241', null, 'محمد فیض ابادی', null, '21', '', '', '2017-05-09 16:27:46', null, '', null, null, null, null, null, '1');
INSERT INTO `users` VALUES ('242', null, 'دکتر یزدانی', null, '21', '', '', '2017-05-09 16:27:46', null, '', null, null, null, null, null, '1');
INSERT INTO `users` VALUES ('243', null, null, '', '21', '', '', '2017-05-19 21:55:46', null, '', null, null, '2017-05-19 21:55:46', '2017-05-19 21:55:46', null, null);
INSERT INTO `users` VALUES ('244', 'احمد رضا', 'عزیزان', null, '0', '', '', '2017-05-19 22:54:38', null, '', null, null, '2017-05-19 22:54:38', '2017-05-19 22:54:38', null, null);
INSERT INTO `users` VALUES ('245', 'احمد رضا', 'عزیزان', '', '21', '', '', '2017-05-19 22:55:30', null, '', null, null, '2017-05-19 22:55:30', '2017-05-19 22:55:30', null, null);
INSERT INTO `users` VALUES ('246', 'احمد', 'عزیزن', '', '0', '', '', '2017-05-19 22:56:04', null, '', null, null, '2017-05-19 22:56:04', '2017-05-19 22:56:04', null, null);

-- ----------------------------
-- Table structure for user_info
-- ----------------------------
DROP TABLE IF EXISTS `user_info`;
CREATE TABLE `user_info` (
  `id` int(10) unsigned NOT NULL AUTO_INCREMENT,
  `uid` int(10) unsigned NOT NULL,
  `job` varchar(50) COLLATE utf8_unicode_ci DEFAULT NULL,
  `job_type` tinyint(4) DEFAULT NULL,
  `skill` varchar(255) COLLATE utf8_unicode_ci DEFAULT NULL,
  `address` varchar(255) COLLATE utf8_unicode_ci DEFAULT NULL,
  `address2` varchar(255) COLLATE utf8_unicode_ci DEFAULT NULL,
  `zip_code` varchar(13) COLLATE utf8_unicode_ci DEFAULT NULL,
  `phone` varchar(13) COLLATE utf8_unicode_ci DEFAULT NULL,
  `mobile` varchar(13) COLLATE utf8_unicode_ci DEFAULT NULL,
  `sts` tinyint(4) DEFAULT NULL,
  `softDeletes` varchar(50) COLLATE utf8_unicode_ci DEFAULT NULL,
  `created_at` timestamp NULL DEFAULT NULL,
  `updated_at` timestamp NULL DEFAULT NULL,
  `description` varchar(255) COLLATE utf8_unicode_ci DEFAULT NULL,
  `att_type` tinyint(4) DEFAULT NULL,
  `attraction` varchar(20) COLLATE utf8_unicode_ci DEFAULT NULL,
  PRIMARY KEY (`id`),
  KEY `user_info_uid_foreign` (`uid`),
  CONSTRAINT `user_info_uid_foreign` FOREIGN KEY (`uid`) REFERENCES `users` (`id`) ON DELETE CASCADE ON UPDATE CASCADE
) ENGINE=InnoDB AUTO_INCREMENT=14 DEFAULT CHARSET=utf8 COLLATE=utf8_unicode_ci;

-- ----------------------------
-- Records of user_info
-- ----------------------------
INSERT INTO `user_info` VALUES ('4', '9', 'as', '2', null, null, 'خیابان ابن سینا ', null, '', '09135631472', '1', null, '2016-11-15 11:18:51', '2016-11-15 11:18:51', null, null, null);
INSERT INTO `user_info` VALUES ('5', '10', null, null, null, null, null, null, null, null, '-1', null, '2016-11-24 22:30:19', '2016-11-24 22:30:19', null, null, null);
INSERT INTO `user_info` VALUES ('7', '12', null, '2', null, null, null, null, null, null, '-1', null, '2016-11-25 10:27:11', '2016-11-25 10:27:11', null, null, null);
INSERT INTO `user_info` VALUES ('8', '13', null, null, null, null, null, null, null, '09135631472', '1', null, '2016-12-12 19:53:31', '2016-12-12 22:36:14', null, '1', 'as');
INSERT INTO `user_info` VALUES ('9', '14', null, '1', null, null, null, null, null, null, null, null, '2017-05-09 15:31:53', '2017-05-09 15:31:53', null, null, null);
INSERT INTO `user_info` VALUES ('10', '243', null, '2', null, 'اصفهان خ ابن سینا خ دردشت کوی رستی', null, null, '09135630', '09135631450', null, null, '2017-05-19 21:55:46', '2017-05-19 21:55:46', null, null, null);
INSERT INTO `user_info` VALUES ('11', '244', null, null, null, null, null, null, null, null, null, null, '2017-05-19 22:54:38', '2017-05-19 22:54:38', '', null, null);
INSERT INTO `user_info` VALUES ('12', '245', null, '4', 'شسی', 'شس', null, null, '09135631472', '09135631472', null, null, '2017-05-19 22:55:30', '2017-05-19 22:55:30', 'سشی', null, null);
INSERT INTO `user_info` VALUES ('13', '246', null, '1', null, '0ش0ی', null, null, '', '', null, null, '2017-05-19 22:56:04', '2017-05-19 22:56:04', null, null, null);
